Model,RMSE,MAE
Collaborative Filtering,1.0519666613978824,0.8201501163219141
Content-Based,1.9605300818484757,1.6987077907833594
Hybrid,1.1015249060779284,0.9015376886850405
