Model,RMSE,MAE
Popularity Baseline,1.0390114659876233,0.8341181750000001
Simple Collaborative,1.0430221736532626,0.8298684235427504
Simple Content-Based,1.1515967475233029,0.96525265
